device_type,usage_hours,device_age,temperature_avg,error_count,last_maintenance_days,vibration_level,maintenance_needed
Infusion Pump,13146,2,30.702396643854243,31,180,4.583507534962884,1
Ventilator,2690,6,55.32205560765834,48,329,4.235009115031552,1
Infusion Pump,17547,5,47.702442459249376,37,231,3.7372319342860414,1
Infusion Pump,4424,9,59.16002962785618,46,38,0.9222915186655404,1
Ventilator,10887,5,64.63199320407304,2,70,0.6897815234289317,0
Ventilator,9211,2,32.624344338536844,37,116,0.43126327241467743,1
Infusion Pump,5442,5,37.38019770742474,2,239,3.647743024987314,1
Monitor,16489,4,63.51854378702552,29,335,4.651159007370638,1
Infusion Pump,8759,7,50.59004119035949,0,148,2.2096255224738814,0
Infusion Pump,14143,6,73.75040925296688,29,9,0.683789292780636,1
Infusion Pump,8937,2,69.13749891551637,44,288,2.6107248215873224,1
Infusion Pump,217,5,80.73626177939441,31,50,1.8092763465472879,1
Ventilator,14017,7,71.54956960015352,27,338,1.936642129314989,1
Infusion Pump,19035,7,55.79586464340889,20,5,3.144520058362966,1
Monitor,14409,5,70.37799734366595,45,343,3.621718754984792,1
Ventilator,13334,9,46.52287045532511,12,126,0.6419576344784882,1
Monitor,5660,4,48.37880992669276,26,75,0.2743921309517343,1
Monitor,946,3,77.3391095952476,35,165,4.9722184831600025,1
Monitor,11054,4,56.78517098409493,6,278,1.240368909686204,1
Monitor,13803,5,77.90282043110115,21,324,0.36376957205144955,1
Ventilator,15485,6,79.3453424200967,9,300,1.030389112570008,1
Ventilator,13846,3,81.45374025967703,38,290,0.29089344710747467,1
Monitor,6569,2,84.99811415047245,14,77,2.0198733836241414,1
Monitor,9433,4,55.859113230797774,14,298,4.031768743811489,1
Ventilator,16708,5,49.13200909926833,3,137,1.7720978038128312,1
Ventilator,12919,4,64.93192479564684,31,106,2.276498693703996,1
Ventilator,4308,3,52.270345406257654,22,95,3.4103751904804502,1
Infusion Pump,6383,8,66.06445000801398,5,135,2.5935809433424133,0
Infusion Pump,2148,4,72.33515175862948,23,68,4.321083861504489,1
Infusion Pump,6333,2,71.30430110952821,19,147,4.343574807724207,1
Monitor,13041,2,52.47317322120728,36,159,0.14856240790665287,1
Infusion Pump,12707,1,40.01161210192517,19,163,3.9124269017676765,1
Monitor,9865,4,55.83176030773245,11,341,2.3575946411842024,1
Monitor,1928,9,38.55564864491453,32,189,4.945318652387949,1
Infusion Pump,2017,7,83.4058221110285,27,339,2.4678371717896326,1
Monitor,7088,7,50.75264764427145,7,95,4.935790132402658,0
Infusion Pump,18510,7,39.267584833399425,0,181,3.7973898699081094,1
Infusion Pump,14694,8,31.526865594345054,36,288,1.3181639346052012,1
Ventilator,13077,1,68.74934317718905,21,322,2.7381353985060928,1
Infusion Pump,109,8,68.21413904728459,5,187,4.961464633445056,1
Ventilator,16744,4,50.4362499948775,20,138,4.3018999779844265,1
Infusion Pump,9965,4,34.30271333085906,31,130,0.5770977795769834,1
Infusion Pump,2319,4,54.577733693713924,34,194,3.561222784368981,1
Ventilator,7141,6,48.67304970380361,14,316,1.7933399707669841,1
Ventilator,18544,7,70.62723838410056,4,273,0.13421308321370579,1
Infusion Pump,5387,6,66.34675496716142,45,352,2.077056748232298,1
Monitor,1719,1,51.8756236918524,49,144,1.2502966664523596,1
Ventilator,8612,8,43.0735532552994,47,16,4.112459425550311,1
Monitor,1442,7,89.28215796933551,5,302,1.752919983344251,1
Monitor,10668,6,57.24009727176689,24,245,4.154866100373703,1
Monitor,19316,6,71.29645414681423,45,107,0.10292990029049702,1
Ventilator,19308,5,38.43317805470164,39,88,1.608313835127984,1
Monitor,18478,6,59.13538197956387,28,129,1.2817095501080338,1
Ventilator,14331,9,31.652203192167928,6,341,1.244480069236194,1
Monitor,3590,9,60.327307074627,39,4,0.4341144368507672,1
Infusion Pump,9410,8,87.84104442706214,12,327,1.0169089250114585,1
Infusion Pump,8084,9,53.05240277914801,37,306,2.8221928924395376,1
Ventilator,18088,8,32.3397607544947,17,95,1.5276692569049481,1
Infusion Pump,12319,8,31.85734745516061,1,209,2.145234433412825,1
Infusion Pump,335,1,53.27920559681217,7,225,1.946647713701224,1
Monitor,10261,5,39.60149618779164,10,348,4.391934132499483,1
Ventilator,2008,4,31.401125779691156,32,321,4.535965095151526,1
Monitor,8667,2,75.37281683701062,37,47,2.5154891611137145,1
Monitor,3630,8,57.51138053291344,47,181,1.7177641565464619,1
Monitor,5356,3,47.35468631835927,26,106,0.6233234496115818,1
Monitor,19119,4,84.00499098098885,19,199,4.771674108972266,1
Monitor,8262,7,36.96833761203153,11,106,0.39511203001145756,0
Monitor,19044,9,87.35512973731915,42,280,1.5584863600845744,1
Monitor,5515,2,48.83800304264117,30,260,1.5605243857330204,1
Ventilator,3491,3,83.30422033852088,26,108,1.6699663020870532,1
Infusion Pump,11257,4,66.1765725887677,31,19,0.9050055320348055,1
Monitor,6051,1,79.60244158448924,9,296,3.9374910115261166,1
Monitor,8107,7,89.04078979262786,2,306,0.7002395236333472,1
Monitor,9164,2,47.30432626912474,44,171,3.211042629850498,1
Monitor,15624,5,87.66812912445558,26,331,0.7068455308585055,1
Monitor,19382,1,53.36891369414522,34,195,0.4456246242054872,1
Monitor,177,3,53.130714284215344,30,12,4.556204568060795,1
Infusion Pump,7677,2,50.42322625527034,14,195,1.031630954961658,1
Infusion Pump,17084,1,62.48445644085511,15,283,4.124125757342551,1
Monitor,14160,7,39.24870259070923,12,182,2.768691268424966,1
Infusion Pump,17549,5,63.22268912148067,48,305,0.4814969460829711,1
Ventilator,18620,1,62.50228874460024,34,144,4.781696138046531,1
Monitor,10635,6,75.7141087562922,10,316,1.3101097182602734,1
Ventilator,9610,5,80.01899771625514,20,182,4.312262192227772,1
Ventilator,7043,3,56.42648101874544,10,30,0.9271690283443645,0
Monitor,12054,7,48.13999496108963,29,84,4.284320122495079,1
Infusion Pump,7904,9,45.56009383902567,47,166,0.16482118323594053,1
Ventilator,6665,9,41.677430202292314,34,284,2.6077242371904554,1
Monitor,6084,9,33.458854931941495,21,281,3.8702686391656287,1
Ventilator,4770,2,50.546878730082796,37,96,4.680498035714638,1
Ventilator,18674,3,46.21486152784699,30,266,4.5550904674117865,1
Ventilator,9284,7,87.98504315198444,13,298,4.11616186078346,1
Ventilator,19196,5,63.462529575002634,23,296,4.45213761334039,1
Infusion Pump,2292,2,50.83662234183045,49,225,1.076176460601675,1
Ventilator,1348,3,64.82805605962176,48,333,1.492503048987471,1
Ventilator,11346,6,38.351802080741734,31,361,1.5159457721131868,1
Ventilator,12890,7,56.642624952132174,35,42,1.9475642619083244,1
Infusion Pump,18481,9,67.57405928526383,31,303,2.0272712848874246,1
Ventilator,3787,1,59.33386990754708,14,246,2.7683210908079103,1
Ventilator,4118,7,54.10672803925945,42,208,0.8834108404955628,1
Infusion Pump,11402,8,89.63090333398189,34,237,3.487108652551348,1
Infusion Pump,2070,3,82.81888572893561,2,22,0.9210760425920819,1
Infusion Pump,8489,4,67.40435748956641,15,185,1.6205115623122832,1
Ventilator,17686,6,64.16264167093696,4,242,2.566391139970155,1
Infusion Pump,15474,7,67.23962878947503,20,363,4.002558751465039,1
Infusion Pump,5888,4,42.078726469345995,9,283,3.723399242869764,1
Ventilator,5508,8,53.70826459585912,18,41,3.2631183464115594,0
Infusion Pump,9546,5,32.36757197345396,24,336,0.8632889768428338,1
Ventilator,1022,1,58.5327622492096,3,162,2.780522193516331,0
Monitor,519,4,62.58147503745979,28,160,0.5284878588194387,1
Infusion Pump,18688,3,43.664984166192575,18,89,1.949079566303589,1
Monitor,10889,9,87.84173082993082,42,322,2.1262309984208003,1
Ventilator,1220,8,84.56727665623453,1,12,0.2950760532841938,1
Infusion Pump,11360,1,73.32859412735435,9,73,1.442541687402862,1
Ventilator,17434,6,62.00319772592175,42,76,4.782682389605798,1
Monitor,2436,9,82.19814957886109,24,346,4.772799778365479,1
Ventilator,5473,7,37.83914062940777,19,201,1.8264025658374428,1
Infusion Pump,2343,4,77.4305876564931,47,10,0.3111905338467879,1
Infusion Pump,19129,1,37.489248838010894,18,352,0.9775652027080897,1
Monitor,4712,2,77.65263975296432,22,226,2.0218671878243466,1
Ventilator,14046,5,46.546054095081416,23,176,4.744120520049226,1
Infusion Pump,18349,5,82.62543486109134,10,276,0.7918754113322062,1
Monitor,11204,8,86.64252562952387,45,39,3.84122763397424,1
Infusion Pump,13529,6,38.92775816430694,33,60,0.6325444429359912,1
Infusion Pump,6471,8,57.760536303923615,27,66,4.908162129217256,1
Ventilator,6459,2,88.8592426897611,4,321,1.9699208456347617,1
Infusion Pump,7963,3,59.004446158388795,4,124,3.898649240605375,0
Ventilator,3328,6,81.8128513508727,20,164,1.7786963057745462,1
Infusion Pump,14482,3,65.32389132787918,11,159,3.175577498078163,1
Monitor,18855,6,52.51979447517611,49,57,1.04087881522618,1
Infusion Pump,2991,6,47.147013331552216,3,78,0.8155029945551164,0
Ventilator,3856,2,42.193385465165235,48,194,4.696514283883843,1
Ventilator,15870,7,75.70789148266184,41,285,4.596471661731724,1
Monitor,16578,2,53.19243040938167,19,15,4.448597807043123,1
Infusion Pump,2774,6,60.67652773204507,37,12,3.1646239058163084,1
Infusion Pump,6998,1,59.53952880007091,24,101,4.060514234959763,1
Monitor,10247,3,64.63674175398788,13,156,0.43828099086573713,0
Infusion Pump,893,2,81.93462873747313,10,340,1.740466305264328,1
Infusion Pump,2216,7,88.84436061500577,31,125,1.6371453113100658,1
Ventilator,5879,4,54.45505251442901,10,359,3.214662077567805,1
Infusion Pump,12398,8,79.65113532637818,17,280,1.8441930900061387,1
Infusion Pump,14253,6,75.87166767928306,26,110,0.827683230054036,1
Monitor,11211,4,64.41173708733439,17,334,3.0226886695263646,1
Monitor,10889,5,87.36282861671599,22,357,4.090481211278499,1
Ventilator,11497,9,42.02847093170416,10,146,1.9724051228538688,0
Infusion Pump,13099,7,36.55585261857728,20,216,0.7481167039825604,1
Infusion Pump,914,9,81.23771801732534,43,162,1.063772166832833,1
Infusion Pump,16829,7,56.34898899802489,4,128,1.2636681953299818,1
Ventilator,10641,1,80.81813125242363,22,314,1.5694982056732276,1
Ventilator,2543,8,83.5854123117249,40,332,3.249695845480915,1
Monitor,10557,4,33.74745561714428,24,150,3.0446328742348236,1
Ventilator,10480,3,83.00788577916364,40,36,3.510791321678492,1
Infusion Pump,7883,7,56.89914332216533,9,173,1.8762597242044148,0
Infusion Pump,11573,3,60.62594934025393,21,22,4.137588494211894,1
Ventilator,17468,8,67.59555066559261,18,206,1.1000295396632256,1
Infusion Pump,15428,6,85.58295640380521,0,127,2.3982996628389546,1
Infusion Pump,927,5,31.146965665785842,6,336,4.024599735553009,1
Ventilator,7247,4,58.610608099069026,3,356,0.9827773738898343,1
Ventilator,4551,8,71.26332254583363,0,217,0.6383292573298365,1
Infusion Pump,15443,8,73.3624174618937,14,96,4.43005144167115,1
Infusion Pump,13735,1,71.55194589222648,39,164,1.7803553475200602,1
Infusion Pump,6059,9,38.06610776448731,11,148,3.450963612054257,0
Monitor,226,5,47.963735302300876,21,18,0.22420816089329856,1
Monitor,19661,4,51.52293152502081,21,294,3.4812297532063035,1
Monitor,8895,6,78.2662324607703,49,195,1.6488964265801558,1
Ventilator,11741,6,46.72559234487318,46,151,0.37313018257846453,1
Monitor,7296,2,42.64229783203219,16,123,3.0880825315857736,0
Ventilator,11659,8,87.44688114228578,28,187,1.279938698758549,1
Ventilator,3468,7,30.531797106808135,45,149,1.9953554860542122,1
Monitor,3897,1,89.8692513409187,13,104,0.4948459802039167,1
Monitor,15214,5,70.60927793144373,49,243,0.8210999303652321,1
Monitor,13818,6,79.70815796694703,19,231,1.5600884539296347,1
Infusion Pump,1892,4,47.67716378077159,49,206,0.53982155274477,1
Monitor,11153,2,30.8589166600236,47,198,4.5630486969629445,1
Infusion Pump,3576,4,74.2721711136918,32,337,0.12963051160149425,1
Ventilator,3517,1,80.04867582004054,42,87,2.470915072435126,1
Infusion Pump,1745,7,74.42856791721115,14,142,0.703912544849502,1
Monitor,14855,2,38.57101723805032,11,317,1.607627538441948,1
Ventilator,19514,2,75.20567533541814,39,199,4.637691843109501,1
Ventilator,19356,9,76.13536692645846,19,46,0.8923033110425356,1
Ventilator,3172,5,69.5124309402033,29,288,4.832578366619829,1
Infusion Pump,1954,2,75.96695596773517,37,15,1.1083924472481665,1
Monitor,4762,9,80.75528638066393,2,44,3.7336739314874654,1
Ventilator,6614,9,66.81624685424751,27,169,2.7787185979968276,1
Ventilator,2808,1,35.31628283818074,25,310,4.43394576522412,1
Ventilator,11794,3,59.25766858003265,29,44,2.814566951965342,1
Infusion Pump,9624,4,34.6589600802963,12,98,2.7193401738659126,0
Infusion Pump,19991,7,54.45258186194585,12,261,1.0577442018051595,1
Monitor,6556,4,54.42638934753766,1,109,0.9145238740531277,0
Infusion Pump,4312,2,33.960590648414495,36,283,4.5907968404660195,1
Ventilator,13324,7,50.92923203816876,48,343,1.7064071743651672,1
Monitor,8070,6,36.65988592747889,37,104,1.9232030493181902,1
Ventilator,17020,3,78.49411260055334,1,256,3.8231359262991034,1
Ventilator,1725,6,86.86128155786824,35,206,1.7602350638717563,1
Infusion Pump,10414,6,34.338988515476316,25,335,4.765105988531113,1
Monitor,8073,5,87.30691243750209,10,43,3.715846068094122,1
Infusion Pump,8677,4,61.354595960204705,7,353,3.0274032886097584,1
Infusion Pump,8170,1,47.973940677232434,43,245,4.416386286669287,1
Monitor,8766,6,34.61172451656981,39,287,0.3430689509124655,1
Ventilator,3700,2,60.03745608422507,42,355,1.359607191727123,1
Ventilator,6883,3,77.67093266944492,21,273,2.3786780376824592,1
Monitor,13326,8,72.42518863600189,19,83,1.2121948434104532,1
Ventilator,9246,6,33.01356068783843,7,110,3.7451354177805447,0
Monitor,5071,3,34.374110122074214,28,190,4.604119352163253,1
Monitor,13590,7,54.17239695795823,39,288,2.176473587661525,1
Infusion Pump,17689,4,47.717429642876596,25,251,1.7764497405482855,1
Monitor,13051,9,43.94305938336287,29,212,4.811598587474075,1
Infusion Pump,12412,5,46.86026993452282,16,291,2.2797769208549505,1
Ventilator,2090,3,78.20896459781308,19,133,2.496337162201488,1
Ventilator,5399,2,85.75368321791123,15,201,1.8230843744753364,1
Ventilator,13097,2,54.30616167165398,45,285,4.556787517759478,1
Ventilator,13572,3,84.36666012794981,42,326,2.887881868081069,1
Infusion Pump,4480,2,49.28974207487292,6,95,3.834655477190059,0
Ventilator,4857,4,58.586219180627495,15,278,4.077852919919343,1
Monitor,19197,2,43.56173986895998,44,325,1.7750603053945653,1
Monitor,10495,9,68.42856253055064,46,219,2.2251022234698623,1
Monitor,16341,2,88.73886691048853,47,89,4.257511694590697,1
Infusion Pump,5688,9,66.20958576260273,26,72,1.8799512232114703,1
Ventilator,17450,6,51.46884504681293,22,247,3.990282153914072,1
Ventilator,5044,1,68.86904675943171,23,129,4.710862380614742,1
Ventilator,13495,4,37.375240707923254,8,212,3.1537308280332343,1
Infusion Pump,19916,1,83.31954481592392,34,343,3.733973708514256,1
Monitor,17172,6,60.185037046790185,19,96,4.044976829001561,1
Monitor,4343,4,56.960984522378524,36,75,4.240694279593548,1
Ventilator,10016,3,65.15188730721115,41,54,2.0357613554983005,1
Monitor,10084,3,67.48703176736414,16,344,0.3511909499623911,1
Monitor,1859,9,34.30654837359078,46,54,2.0691937290600237,1
Infusion Pump,9281,6,70.95703327340414,30,218,3.40140552594204,1
Infusion Pump,2582,9,44.515900818931776,7,16,2.306716890325885,0
Infusion Pump,1051,5,72.83715795039538,14,99,3.769919439215953,1
Infusion Pump,2179,2,79.3520876630518,30,20,1.8492139043964533,1
Ventilator,2817,8,78.23751045315122,29,46,3.210246291409745,1
Infusion Pump,9792,5,63.15005804447335,45,193,1.0134570437844754,1
Monitor,7411,2,61.21019353864507,19,58,3.7719102395602895,0
Ventilator,18549,4,38.5725576803647,38,111,2.773910247183827,1
Monitor,868,9,76.52076902418813,11,129,1.099915503878343,1
Monitor,5590,4,46.28456282680286,48,337,1.5303647501392559,1
Monitor,15634,4,59.80172536907679,16,194,3.768182672050979,1
Infusion Pump,6745,2,47.056445575651004,41,340,2.4647460547414517,1
Infusion Pump,5332,6,38.029701779981586,29,326,1.158554057926054,1
Ventilator,11585,2,67.77346181350418,28,8,4.8396288328144585,1
Ventilator,5897,7,33.25992208937423,18,29,3.604112597102751,0
Infusion Pump,19819,3,74.918714047572,45,112,4.789960679445001,1
Monitor,12442,3,49.055207715666995,10,161,2.192814722265682,1
Ventilator,8138,5,30.00808158026912,33,131,2.4279916693894306,1
Infusion Pump,16102,3,60.66774835423379,49,188,4.499980559306594,1
Infusion Pump,13187,2,32.811114511656186,6,163,2.672741767202385,1
Infusion Pump,4973,9,46.57017346925397,43,197,3.5656666683377694,1
Monitor,1581,2,72.41858924734296,33,364,1.335647099728097,1
Infusion Pump,10193,2,33.76137729731195,19,204,2.288959696642939,1
Infusion Pump,19935,8,80.36030954136014,49,212,0.7049043424707401,1
Infusion Pump,14522,9,30.229195359514986,37,109,1.1093021757971124,1
Infusion Pump,16538,7,44.809432152114134,23,276,0.10462273481139234,1
Ventilator,7743,3,74.45424336912428,9,73,0.29239875307843516,1
Ventilator,19946,9,48.97620898375841,31,167,4.888690733566953,1
Infusion Pump,15808,3,36.11354328396081,14,260,1.2875331061701354,1
Monitor,11371,5,51.61403512802568,36,243,3.35022247656961,1
Ventilator,17316,9,46.22359718307153,19,275,4.211588524118096,1
Infusion Pump,12700,3,80.56271412963329,2,102,2.798236250259165,1
Ventilator,11098,7,48.80087505510859,36,173,0.8504080504113853,1
Ventilator,14395,1,77.33594830656043,39,171,3.6677705429472156,1
Monitor,10782,4,83.51232868864409,7,141,3.041231909487957,1
Infusion Pump,16480,4,56.02904517459177,39,188,3.6831278878021383,1
Infusion Pump,8619,7,84.59658863126353,43,86,3.8717584519997277,1
Monitor,19794,8,52.63908323779157,22,52,4.879510801655251,1
Monitor,3400,1,87.8447049894065,39,111,2.910460072130879,1
Infusion Pump,6822,5,35.35737147153438,10,342,1.7740414521839492,1
Infusion Pump,7318,7,71.22115599019457,45,43,3.277476328811162,1
Monitor,3154,4,59.62884242741572,7,211,0.4353594752888681,1
Ventilator,13675,4,53.25892832733882,28,200,4.497246859775773,1
Ventilator,8070,4,67.96271272491606,29,298,0.6849669555571642,1
Monitor,2243,6,72.23142549805988,9,346,1.7064299056405097,1
Ventilator,9603,7,30.261796179018546,38,240,4.097152365067992,1
Monitor,15249,2,40.01718532483192,27,115,3.0268306538204883,1
Ventilator,19022,5,72.78276303805913,48,26,2.0288140493594664,1
Ventilator,12275,4,69.98312481469239,35,299,2.4198347309376054,1
Infusion Pump,8456,3,87.96285030772063,12,77,4.287282226690683,1
Infusion Pump,15170,7,75.66226741504698,31,137,1.7660214916934718,1
Ventilator,922,6,87.04636246388029,35,20,4.361283455579639,1
Ventilator,17427,7,72.15243009208842,36,211,0.5318587117857884,1
Infusion Pump,14389,5,47.883132518366594,25,240,3.9063123423222907,1
Infusion Pump,6250,6,36.32189533505139,21,39,4.2529834019682085,1
Infusion Pump,4525,5,76.90943180069613,3,268,0.9909064989029599,1
Monitor,16132,7,68.64895328855496,30,207,2.208698008623782,1
Ventilator,2298,2,32.89116074359777,17,267,0.9109488958519125,1
Infusion Pump,3552,5,51.6030279540587,37,154,3.562360232071667,1
Ventilator,9206,6,87.40798892905717,23,42,2.723204063502118,1
Monitor,13959,6,60.02406874261207,22,11,3.213084398870773,1
Monitor,17792,5,55.96374816118228,21,294,1.0627861380854347,1
Infusion Pump,8805,7,57.46197630955764,1,98,1.1375547240568558,0
Monitor,10212,8,42.53296344030982,30,275,0.3033368949985412,1
Ventilator,4941,7,52.122430251887714,10,230,1.678130922459076,1
Infusion Pump,15458,5,52.188795359230596,27,220,2.8427488405350076,1
Ventilator,1509,1,33.14130121124835,45,65,4.303881078586911,1
Ventilator,4666,5,76.0540577110751,31,355,3.3679444925475357,1
Monitor,11482,2,54.99026591423274,4,232,2.233441984658782,1
Monitor,18039,5,79.3307932089854,37,328,4.7702885605312755,1
Monitor,14696,5,81.02088006719373,9,52,3.6243014828215765,1
Monitor,904,2,42.71964328191949,39,263,4.657809494026495,1
Monitor,13321,5,69.44120893020772,45,267,2.685181069033612,1
Infusion Pump,1379,4,58.3369082497789,23,359,1.3686309464863842,1
Ventilator,13292,1,82.8094042752891,34,317,0.3588507631871377,1
Ventilator,7183,3,42.94444075058725,43,324,3.657815772270868,1
Ventilator,11193,1,70.66879201860266,47,154,0.6943846902271172,1
Ventilator,17871,5,66.46512733516334,22,358,1.5835981285326393,1
Monitor,12980,4,47.718088654309966,16,140,2.7091074486310975,1
Ventilator,15617,7,38.196054219070355,0,51,2.865641280120764,1
Infusion Pump,19163,5,69.09838562863659,30,117,3.042857665236967,1
Infusion Pump,2206,4,74.31584748793983,30,46,0.9146511187135331,1
Ventilator,16186,2,48.937640625800995,41,309,1.960713283626079,1
Ventilator,4931,4,68.68995624133882,41,88,3.124251712873137,1
Infusion Pump,19252,2,53.7078544566902,33,208,4.8521124367055455,1
Infusion Pump,3286,8,72.79241299695707,8,269,3.665392574728475,1
Monitor,2673,3,41.95291649364319,21,89,4.620758409760393,1
Infusion Pump,12908,9,83.41290015817046,12,118,3.834839085739468,1
Monitor,2699,4,47.244575787934785,24,54,2.9994131475727626,1
Monitor,4133,6,52.06715926536917,47,116,1.0409145087680884,1
Monitor,8528,5,33.48551712482099,17,118,3.3667596942733145,0
Monitor,1404,1,36.690732739276584,11,260,3.154559873203545,1
Monitor,17785,9,60.95171416273969,39,75,3.052098935240606,1
Ventilator,19025,1,46.05556060367829,16,305,2.49995075314238,1
Infusion Pump,18535,8,80.12881354453165,14,7,2.6904173595474505,1
Monitor,8733,9,30.88160331929723,41,122,1.7387683828787102,1
Infusion Pump,11472,9,52.74564292031617,14,11,2.644632193947286,0
Infusion Pump,9096,1,50.24073280614556,14,348,1.0680239378245435,1
Monitor,16558,2,31.15965785505606,38,215,4.0453545470658465,1
Ventilator,5575,1,37.462103940030616,12,279,1.0103070780236683,1
Monitor,7284,2,54.81856049511812,16,28,0.5163348204583855,0
Ventilator,12975,8,59.5718750668468,31,235,2.237605529150071,1
Infusion Pump,1722,5,54.25738483529214,8,313,3.3257064535797034,1
Ventilator,16088,7,61.85626070472563,39,26,2.2448124421743527,1
Ventilator,8141,2,65.70790049434089,19,54,1.4560952465614123,0
Ventilator,16825,8,30.595429267670138,25,29,2.8350388010631598,1
Infusion Pump,18558,6,57.845709567210235,26,353,1.80031144351978,1
Infusion Pump,8092,8,87.8099544532553,20,164,4.671051681620502,1
Ventilator,15746,1,61.14193680777292,17,270,4.620961184057503,1
Ventilator,17129,1,70.65253604753718,12,334,2.561621917863268,1
Monitor,4363,7,48.71183147501299,15,35,1.706631570689467,0
Ventilator,14160,8,76.43948268916574,8,286,3.711948828387532,1
Monitor,15256,3,76.3752889125669,11,348,0.2798934230670266,1
Ventilator,8746,5,61.27776285924834,43,273,2.4263681296138913,1
Monitor,11764,1,88.56082939675281,37,208,1.7479846319246346,1
Infusion Pump,3069,7,37.533012885759206,18,238,4.610625837002518,1
Ventilator,3128,5,31.01685989337486,6,93,0.15881483363614446,0
Ventilator,19165,8,76.20949270542576,34,173,2.8087928910199107,1
Ventilator,3729,8,78.42933224189295,47,79,3.729251547226468,1
Ventilator,3167,9,37.21243374723458,17,110,2.476588138867802,0
Monitor,6041,7,45.93496997751636,15,217,0.5184748477973362,1
Ventilator,17870,1,31.053141801997736,38,358,4.865060811136721,1
Infusion Pump,19350,3,47.598516646833886,3,106,2.63825111374288,1
Infusion Pump,11655,8,76.38851243512029,24,47,3.109512597163156,1
Ventilator,13181,3,61.07763166275474,31,181,1.259387935266786,1
Infusion Pump,6919,8,50.88573559009728,39,64,2.469140617023339,1
Ventilator,11146,1,52.30435769437982,12,246,2.2028325105957776,1
Ventilator,17817,5,30.08121754292809,44,244,0.46698962580972037,1
Infusion Pump,2811,4,47.98803165391415,16,320,0.6201857323825894,1
Ventilator,4953,5,68.78752449827583,48,87,4.203615346131995,1
Infusion Pump,7815,8,88.45166662898143,36,217,1.2751177658122923,1
Monitor,9042,4,80.82364961903397,5,7,1.0552955303432898,1
Ventilator,15607,4,31.41569787873175,18,278,2.5740661111256826,1
Monitor,15926,3,83.91363628049035,12,337,3.866860943676314,1
Infusion Pump,1862,7,76.99190479791756,25,210,0.4035379410370409,1
Monitor,15950,3,76.82256741425883,13,169,2.9263588062274537,1
Monitor,12212,3,57.47974554021429,30,330,0.6841311699188095,1
Infusion Pump,12752,5,53.88031757727017,3,138,0.27865914904553046,1
Monitor,6222,5,48.174943729991554,38,306,0.3584453655948653,1
Monitor,581,6,33.941691537261946,7,230,4.1874041302213625,1
Infusion Pump,14636,8,43.69412180962195,24,308,0.6780651697775016,1
Monitor,253,6,44.79621809868148,12,161,0.3212416856202306,0
Infusion Pump,7717,1,59.0446241826121,31,1,2.2457094470002703,1
Monitor,1624,8,74.84666439580164,37,236,4.235568012515921,1
Infusion Pump,2220,8,58.428589703876796,37,188,1.3858010447975797,1
Infusion Pump,15148,9,33.47066696682964,27,4,2.1663918258769903,1
Monitor,2443,9,87.46738805929223,29,132,0.295620409562381,1
Monitor,5236,2,86.56345914564673,2,218,2.300484719260892,1
Monitor,1340,2,77.1113725889045,27,260,2.930304095121955,1
Ventilator,160,3,89.47967409385323,2,1,2.89744456338551,1
Ventilator,9230,1,62.66893996801578,44,71,1.7288907916543894,1
Ventilator,18123,4,87.76610101519236,33,178,1.6461125852493643,1
Infusion Pump,12412,4,34.53630243700505,15,189,0.6224557327893296,1
Monitor,13450,9,51.940844895682275,21,291,1.8973117711667153,1
Infusion Pump,12518,9,43.52287608040595,31,8,0.5875238774775269,1
Ventilator,1352,9,41.7499850480562,37,253,3.8563201290890534,1
Monitor,8463,7,38.44817693356056,7,292,4.834744058966111,1
Infusion Pump,9750,2,67.34481849395979,7,244,4.853364837666864,1
Monitor,18806,5,76.8793113448383,5,123,4.338848386939429,1
Infusion Pump,16414,4,64.69790396522164,13,299,3.043881531764134,1
Monitor,4190,8,38.817762575292576,31,283,3.534241916495012,1
Ventilator,7060,2,78.66742619600825,34,32,1.4975084331340291,1
Ventilator,3104,6,68.15728242982371,9,334,3.1907750588458414,1
Monitor,16813,5,53.28994236761973,2,146,2.3326827922553997,1
Infusion Pump,3740,2,70.44781773216377,11,156,2.4618849649069694,1
Ventilator,1441,1,45.59429875456997,48,16,3.813105145838274,1
Ventilator,11955,8,50.71153250965263,30,355,1.4813999424265332,1
Ventilator,438,2,85.04915058791941,28,47,1.6583940973031477,1
Monitor,5995,7,47.43027034028522,4,251,4.630744776530319,1
Monitor,12354,9,58.19929608947619,24,187,0.37549904476976403,1
Infusion Pump,19192,9,83.40846824376088,40,31,2.4796080622253682,1
Infusion Pump,11444,8,72.46328101605164,30,260,4.572723921998523,1
Infusion Pump,1850,9,33.73219356988216,20,17,3.0907787383089698,0
Monitor,2521,2,38.83818265673822,19,39,2.7773946636394475,0
Monitor,7219,6,30.47049544631501,38,304,1.3237464782238406,1
Infusion Pump,5419,4,67.85530741374981,21,39,1.7820498964157967,1
Infusion Pump,15996,4,56.8604055246251,3,132,4.275037237442995,1
Monitor,12018,5,38.05649105413653,12,30,2.840168845665445,1
Infusion Pump,13949,3,87.47604726340623,44,158,2.6222367494082217,1
Ventilator,4973,1,61.7795834367372,41,278,0.5879405963461418,1
Monitor,4906,8,44.51359764677335,49,203,0.1785379666301033,1
Infusion Pump,8692,5,60.03621426928245,48,66,4.82205742456654,1
Monitor,12282,3,70.77721996410646,19,108,1.9472322197055243,1
Ventilator,19641,7,34.57435307841387,12,268,3.0557440042875714,1
Monitor,16874,7,46.482228902873516,16,222,0.4906038586176965,1
Monitor,12145,1,78.41792945303962,35,292,3.4472600000429283,1
Monitor,4530,9,57.57989222415968,32,18,4.669576872659208,1
Monitor,8920,2,62.794628521937696,0,90,2.9207597396873566,0
Ventilator,4332,5,55.96896013256816,14,181,0.7179650796395118,1
Monitor,11222,5,32.63399655858031,12,255,2.9504354846200362,1
Monitor,15123,8,39.94498678920935,16,253,3.855101344212797,1
Infusion Pump,8107,8,56.73249832451346,23,257,2.0914410292126915,1
Monitor,18005,7,42.551127924475665,7,346,4.411204964913193,1
Infusion Pump,9118,7,32.99874171958072,49,87,3.278546471451086,1
Ventilator,1600,6,80.61897984310943,26,90,4.506319699617093,1
Ventilator,6837,6,88.87155174984696,44,237,3.1551760251119525,1
Ventilator,3394,9,77.58857243980437,22,70,0.7433110628236388,1
Ventilator,18903,6,81.22709530228002,45,44,1.6174893844154268,1
Infusion Pump,19526,2,44.518627819022726,7,200,1.088795246437039,1
Monitor,4597,2,87.63761853079198,7,152,4.553249838812626,1
Ventilator,17950,5,41.8155422672057,25,86,3.8259603297086655,1
Monitor,714,4,87.08578862170994,46,19,3.41435200765903,1
Infusion Pump,9474,2,89.68915763795707,12,101,1.5747349661949464,1
Infusion Pump,19707,3,72.70336834476292,38,95,1.0018193830460465,1
Infusion Pump,2767,7,88.86862390750932,36,254,3.8066103311456683,1
Ventilator,13509,8,64.17238677402622,48,357,2.4233739348074907,1
Monitor,16614,6,45.57250699056542,27,30,1.2063688055380828,1
Monitor,3083,5,56.219753139937254,24,249,3.121447693009848,1
Monitor,12751,1,65.61365612272715,15,33,0.2976358754784147,1
Infusion Pump,8330,8,34.3848937216209,1,229,1.6982342452284425,1
Ventilator,6740,3,67.34059587703476,17,12,2.39592927349656,0
Infusion Pump,11879,6,88.87067020573767,16,118,0.8249958371360887,1
Infusion Pump,15417,3,41.406458987023655,29,350,4.924806940195114,1
Monitor,17404,7,77.555706977303,38,155,1.12457708648911,1
Infusion Pump,7664,7,84.47392762677717,12,246,0.7387303372120012,1
Monitor,15620,9,86.62209556921326,31,332,1.0973208820457925,1
Ventilator,13837,5,87.60813626432683,49,247,3.868399552482649,1
Monitor,9423,8,61.287578323288315,28,29,2.18497773043203,1
Ventilator,15329,8,88.63847447949021,45,161,2.8705381047874368,1
Monitor,11813,1,75.43861242806634,29,235,0.20294486923316768,1
Infusion Pump,8602,5,39.700286174217716,17,190,0.26871341200924137,1
Infusion Pump,19725,3,58.614006388078195,12,117,2.2845451941523796,1
Ventilator,645,1,73.09987052232023,42,271,4.101610691687955,1
Ventilator,4446,4,44.840418949145004,20,258,4.43767050566707,1
Ventilator,10096,8,68.43691101293325,29,180,0.5248621812186371,1
Monitor,15875,3,69.99602874279715,20,172,2.737979200295012,1
Monitor,14019,2,39.76198462851396,47,274,4.574825462768425,1
Ventilator,3910,9,63.905118747165375,16,259,2.0010664965496434,1
Infusion Pump,7306,5,76.29761465871647,39,135,4.1648725739990065,1
Monitor,9105,7,59.933739872156515,18,171,0.7551087065572374,0
Monitor,16471,2,30.726187006566445,14,210,4.683432999372213,1
Monitor,12416,9,30.54230814475753,8,236,3.7819742559033833,1
Ventilator,18516,9,51.42176063820073,9,186,4.712538524655818,1
Ventilator,8536,4,85.57164410590693,43,364,3.415424444407282,1
Ventilator,13084,4,43.72060677621653,30,95,1.8806792667971926,1
Ventilator,371,6,68.06182133230124,22,11,4.69708774537114,1
Ventilator,19995,6,43.324552241599235,29,68,1.4502772039149747,1
Infusion Pump,18255,1,49.300199379572916,32,210,1.7276453581024895,1
Infusion Pump,10716,9,80.88252537608903,8,196,3.533961248208528,1
Ventilator,4461,2,73.7316865361968,46,98,3.850049867674393,1
Monitor,7169,5,35.723956638792636,0,93,4.654077070860854,0
Ventilator,17404,9,55.72212125918602,43,22,1.1035318043754268,1
Infusion Pump,3530,4,31.750185818715867,34,172,4.010190372574198,1
Infusion Pump,12776,3,58.85340879618054,10,134,3.718875661645121,1
Monitor,10916,7,69.74604070206408,33,25,0.4125933256426296,1
Infusion Pump,2150,6,37.11015741588909,15,185,1.9973933919300144,1
Ventilator,11792,8,47.333096334549936,8,85,1.4855507395944834,0
Monitor,1265,3,53.87019753012942,31,55,1.592003079334749,1
Ventilator,2133,5,85.17186147936299,14,251,4.916439709818034,1
Ventilator,245,4,89.59530092537784,11,144,3.249609326051647,1
Monitor,14369,4,32.69467793973695,32,351,3.6166131731881483,1
Ventilator,7932,4,75.66047540972352,44,167,4.885426422843545,1
Infusion Pump,14386,8,52.30344398414059,13,224,1.9482887340424297,1
Ventilator,2732,6,53.547491173768805,7,220,4.029016825418749,1
Monitor,4594,3,75.25589840082137,7,179,2.2292017201920276,1
Monitor,15252,5,85.10558592872451,26,119,4.360714991893401,1
Monitor,9255,6,87.0557156701529,11,265,0.9852219524253857,1
Ventilator,10526,5,64.62735516229924,0,150,4.74366226761497,0
Monitor,10333,6,51.42726955803017,42,215,1.1719813712133105,1
Monitor,1928,8,77.25294515152675,39,197,1.6984804842065646,1
Ventilator,12360,7,45.060082995738014,41,42,3.8053419471232246,1
Infusion Pump,9230,5,63.84444173001106,10,53,2.029400193670493,0
Ventilator,4905,6,51.51470769149239,38,330,3.080235746155589,1
Monitor,906,4,69.39786442247257,42,251,2.2784101552402,1
Monitor,8302,9,44.42393477361041,30,295,3.7376126917399315,1
Ventilator,1968,4,41.49557674408955,16,271,1.2188231366061932,1
Infusion Pump,14661,1,85.09434520052622,32,123,0.3864441374606974,1
Monitor,15612,7,36.10822097697221,31,339,1.5696540476180247,1
Monitor,14999,7,60.3574744640959,28,266,2.4241124578553084,1
Monitor,16320,4,43.251166977780535,20,348,0.923298255744125,1
Ventilator,16034,3,32.335797799540046,20,29,1.8385067193163047,1
Monitor,5529,8,32.161129097485585,39,35,2.059916789638486,1
Infusion Pump,9176,5,40.51330632634964,22,6,0.38122003407254046,1
Monitor,3664,7,82.00622127036002,5,111,2.9582055161026024,1
Monitor,1489,4,46.9487246386216,21,294,4.4332827970593085,1
Infusion Pump,11693,4,87.02755023451775,49,77,0.8435402734699569,1
Monitor,7374,8,64.89733757935161,37,349,3.029259265667419,1
Ventilator,17308,8,56.196851386125964,36,147,3.357222104063147,1
Ventilator,18749,2,64.80533008016727,44,67,2.154739934054513,1
Ventilator,17420,2,61.00190311357606,7,8,3.5353781780849234,1
Infusion Pump,10845,3,75.5265752254395,40,122,2.112584563105959,1
Monitor,14299,3,46.949763958371136,48,340,2.572722711089431,1
Ventilator,15976,1,51.183023496018144,34,175,0.1360299183166922,1
Infusion Pump,18280,3,83.64565815199504,10,179,3.4894285592599754,1
Monitor,8345,6,86.78739078902433,23,85,3.34057912682915,1
Infusion Pump,7314,8,83.55349364918847,48,45,0.28816429889908834,1
Ventilator,826,6,55.16687963743881,20,136,1.9044255262361522,0
Ventilator,19220,5,76.82193018041289,1,343,4.89725601987917,1
Ventilator,13932,4,58.58014399806593,39,16,2.1616091565862225,1
Infusion Pump,11462,3,59.85239112876613,18,333,2.5595324851460246,1
Infusion Pump,18397,4,42.28080654343704,38,195,4.5586577749826205,1
Ventilator,10206,7,65.46781819551099,27,9,3.6145831917422067,1
Infusion Pump,7757,1,41.16815386520088,16,316,2.952143642508696,1
Ventilator,18950,7,49.89388194403163,5,334,4.009242938571256,1
Ventilator,14651,1,81.3018120971961,18,333,4.335394705634269,1
Monitor,8006,2,42.424548552651316,37,327,2.338751551512608,1
Infusion Pump,7387,4,34.269497110405965,27,15,2.4280309881659936,1
Ventilator,992,1,34.14045555676898,1,327,1.9916495846939957,1
Ventilator,10322,9,86.44707123018648,37,102,4.836860086090457,1
Infusion Pump,4775,6,60.415226277710076,36,226,3.516114646022717,1
Monitor,2033,1,54.5647243090211,3,278,0.5077930244195543,1
Monitor,17864,1,78.6527148604751,21,113,4.3285021542337905,1
Ventilator,11973,6,80.14955567463096,25,1,2.4547437100977136,1
Infusion Pump,17774,4,49.93146198693628,48,266,0.43689414147018857,1
Monitor,18124,4,71.6170834484277,42,208,2.7936145503002243,1
Infusion Pump,13339,6,76.2673689511132,35,110,2.14410496698094,1
Infusion Pump,10974,7,69.27904121195726,12,200,4.400972083826862,1
Ventilator,17702,9,39.095704488005964,31,306,1.0995735576859982,1
Monitor,5116,5,82.55298501102342,16,12,4.1496765865116965,1
Ventilator,13874,9,62.34567316416052,40,345,2.8326745868087184,1
Monitor,9852,4,46.94834558220022,35,188,0.3675904857459984,1
Monitor,17438,2,55.513691126261634,45,154,4.862041976494875,1
Monitor,15685,3,32.25426542393444,18,334,2.61181469610568,1
Monitor,7391,1,37.672008073345054,34,279,1.5252965857347545,1
Monitor,1074,6,75.93280503095164,45,171,2.400093525747365,1
Infusion Pump,4233,6,30.000698085321968,39,134,4.303503139235696,1
Ventilator,14763,1,54.993949708937535,27,25,1.5940253094868113,1
Infusion Pump,4072,3,61.35061086513531,0,18,1.0441143427848316,0
Monitor,5395,5,33.278065200058336,41,190,0.7324491099613192,1
Ventilator,14013,3,88.38468977833998,17,141,1.5595110521120352,1
Monitor,9205,3,43.56751987498032,47,43,3.9222356264962133,1
Ventilator,8328,3,48.25192317817685,39,334,2.4109691894567824,1
Infusion Pump,10003,5,48.23655073530164,32,284,1.214659858098346,1
Ventilator,3120,5,43.824999727040996,11,146,0.9143064980877711,0
Ventilator,9087,4,30.088429325178684,7,315,1.7303744349008578,1
Ventilator,12980,1,73.76068764527977,23,319,4.705629427139973,1
Ventilator,5333,5,88.01072998795712,15,92,1.7808308916911197,1
Ventilator,9616,5,43.4576089971027,49,179,4.941807972177713,1
Monitor,14659,4,69.78283150820535,3,56,2.4776292332502456,1
Ventilator,16801,6,74.51377961752291,37,155,0.9779031996217393,1
Ventilator,2496,4,80.90552274543148,43,160,4.466586449788196,1
Infusion Pump,18646,7,55.357751820816546,26,111,2.355741328360652,1
Ventilator,19229,7,48.17585433842575,8,137,3.5773895831721703,1
Infusion Pump,1691,2,49.517708041381866,46,232,4.920186757724844,1
Monitor,11403,3,72.75727998591077,15,220,0.3458592165678726,1
Ventilator,6283,1,79.00676799033816,11,68,0.573803342959079,1
Infusion Pump,1412,8,40.89683806539616,30,302,3.6302380331675055,1
Infusion Pump,7414,9,52.25646048946591,23,249,1.480942516147813,1
Monitor,18867,4,84.116411804949,13,323,1.0030768450554854,1
Ventilator,19723,6,78.40161118168436,44,6,0.2928732111166745,1
Ventilator,2239,9,89.09150416574855,24,280,0.20704888873238886,1
Infusion Pump,14788,6,75.25489558092485,33,94,3.8949794552869754,1
Ventilator,18188,9,53.59171206167534,2,269,0.758723794110795,1
Infusion Pump,7024,4,65.43827003967826,23,197,2.3918310182586398,1
Ventilator,462,8,69.66085525483922,41,25,3.068894394379467,1
Infusion Pump,19088,9,34.70734897902744,8,148,2.198923822787347,1
Ventilator,13581,4,62.669817546231904,25,118,0.23282259644754225,1
Monitor,3838,5,72.55924970835657,19,338,3.9391573626807537,1
Ventilator,2569,8,40.039278240063624,39,338,0.1515148002541021,1
Ventilator,16206,6,76.83790304553344,9,66,3.833260482449672,1
Monitor,17040,7,65.0263668308467,18,301,4.477192019561802,1
Ventilator,9117,3,87.13330714185568,2,175,2.2209156131801446,1
Monitor,2908,7,32.5453378924135,23,319,2.724158118179212,1
Ventilator,16470,8,45.919568253328016,4,76,2.437218623826504,1
Infusion Pump,14970,6,66.09323275798944,2,114,2.0071222312548502,1
Infusion Pump,12813,9,47.79359473235584,26,111,4.448380223314765,1
Ventilator,7661,6,72.86544984427454,15,249,4.480274202282954,1
Ventilator,2819,9,75.54031695131586,48,203,1.7455001867435194,1
Ventilator,11800,4,36.150957843988465,14,147,3.1138417946720205,0
Infusion Pump,3841,8,60.831267852406064,34,35,4.641847054514734,1
Ventilator,9866,4,60.53343333546336,11,309,4.8140866448126225,1
Infusion Pump,4098,2,52.156846212932464,40,26,2.5938992980680333,1
Monitor,18887,9,85.97549175418033,43,238,2.3188415458932017,1
Infusion Pump,16177,5,79.65037919239327,25,14,1.4656021480497765,1
Infusion Pump,394,4,71.8325629145782,46,45,4.798472178633009,1
Monitor,10277,2,72.85959814409986,33,216,0.7997900919170501,1
Infusion Pump,9982,1,57.70296862878715,22,233,2.941164922633853,1
Ventilator,1236,7,85.25967126579455,30,193,1.4844963108413307,1
Ventilator,2164,6,71.67572563519713,49,51,1.4671406227042036,1
Infusion Pump,7109,2,73.738863699349,19,214,2.0843460781433234,1
Ventilator,13087,8,81.70145422724072,11,151,4.9940853854967076,1
Infusion Pump,4643,4,46.444295360531456,22,275,0.3693349035151281,1
Ventilator,1107,8,78.42425423200217,3,338,2.9348549091973046,1
Ventilator,5545,7,41.71443617738952,22,76,0.5046035743728582,1
Infusion Pump,10806,5,50.72051713469327,47,220,0.857152066953543,1
Ventilator,14849,8,50.136627256190565,47,348,2.253858414687204,1
Infusion Pump,11818,9,88.71152810334843,0,187,2.6012546435975628,1
Ventilator,9539,5,81.39223342487561,24,289,1.3680828009861679,1
Ventilator,13381,5,72.07019169541559,1,28,1.6506399412846395,1
Monitor,1535,2,73.62340569692341,29,180,0.526138399254072,1
Monitor,671,5,63.724367664154265,2,253,1.5857769408368279,1
Infusion Pump,2482,3,86.82544002651115,20,126,4.836136352964666,1
Monitor,5184,7,59.77552517294169,24,177,4.729066170195161,1
Infusion Pump,16761,5,52.831062592193675,19,37,1.7409036216712268,1
Monitor,13607,8,39.78212021589546,48,99,2.897184287765932,1
Ventilator,7159,1,77.17233913566348,21,98,4.557017416443627,1
Infusion Pump,18371,3,74.06663592453549,20,127,0.1303007309403937,1
Infusion Pump,12871,3,53.06130231144809,32,168,4.0723494946542,1
Ventilator,17749,9,31.51160483755376,37,80,4.747010808665703,1
Infusion Pump,7591,5,80.33983966308065,14,294,0.5474960982344297,1
Infusion Pump,14627,9,30.68507900724442,45,333,0.8910936615613131,1
Monitor,17524,9,72.22198677774306,14,126,4.807656883579641,1
Infusion Pump,14959,1,88.21542658356341,45,343,2.733946703837697,1
Ventilator,8173,2,56.259679688892206,24,310,0.16956350891144614,1
Monitor,9177,5,44.09840429975716,20,150,1.362396793941293,0
Monitor,19236,4,72.29226060260291,23,16,2.3047240039174124,1
Ventilator,11483,9,79.0276885209351,4,28,3.4952536640213623,1
Ventilator,16478,7,62.78581896467084,5,173,3.6924858528703184,1
Monitor,2453,6,88.02211651536877,48,46,4.977565413334735,1
Infusion Pump,4899,7,33.100123299477666,42,328,1.5088048769804194,1
Monitor,17170,1,60.28773589827169,47,236,2.737278499155529,1
Ventilator,12039,1,73.107236839353,43,214,2.713285384512065,1
Monitor,2528,8,81.75842826895074,46,85,2.087661771291464,1
Ventilator,11396,2,40.755336714467404,22,282,0.928893279827859,1
Monitor,7913,9,78.00020890582088,3,232,4.889537159600828,1
Infusion Pump,14514,7,63.162424543112714,26,85,4.281254214666272,1
Monitor,11901,6,53.7932209193978,17,65,2.5418318386417624,0
Monitor,11845,1,37.90290171474561,20,134,3.0559025711517465,0
Ventilator,13125,1,81.91774553453475,27,151,1.2135791624423455,1
Ventilator,3456,2,39.43639249078292,34,115,2.76455664491956,1
Ventilator,14388,6,48.58727155254596,21,64,3.505353652295232,1
Monitor,6640,6,47.40273191774621,39,343,2.6243184390942855,1
Infusion Pump,16522,2,82.28484205145125,22,363,4.952397335866213,1
Ventilator,3442,1,70.36217965253388,2,352,3.0955741156138585,1
Ventilator,9178,5,77.80088383148234,39,158,1.9177711917016285,1
Monitor,2944,5,45.02807392754994,49,77,3.883544935317607,1
Ventilator,10496,2,67.49244597641993,9,146,0.9352663067500461,0
Infusion Pump,17582,6,64.30475898862491,24,343,1.9841274871607062,1
Infusion Pump,18307,9,79.96982260729627,48,225,1.8000988568501708,1
Ventilator,14098,2,84.36522362887564,7,313,2.2158547660281087,1
Ventilator,13361,2,30.729406288643208,10,103,3.9307211470507593,1
Monitor,19639,3,70.44119514352755,4,347,2.472447857600697,1
Infusion Pump,3193,7,33.11014794718374,44,301,3.9906708063032177,1
Infusion Pump,11822,6,62.931519904641355,36,88,2.924795625385343,1
Ventilator,19380,8,47.25796374262069,44,303,1.7761402298220215,1
Monitor,11745,8,48.40659597132847,37,168,4.068895844049015,1
Infusion Pump,15183,6,51.177510207141395,28,170,1.267619385710149,1
Infusion Pump,1088,3,67.27754694297661,4,135,1.1994766010189981,0
Monitor,6546,3,50.042997940126156,8,50,2.5720643278686954,0
Monitor,16435,1,73.96194303541682,47,340,1.3781613052142359,1
Infusion Pump,16233,7,54.27164313443218,1,347,0.14452647126096,1
Infusion Pump,1782,5,34.101192018597516,0,134,3.276657883764128,0
Monitor,5726,4,77.02559054904643,39,347,2.6043597252147506,1
Infusion Pump,7524,4,47.14549947556236,29,137,2.2830372910164902,1
Ventilator,12957,4,55.96601277595576,10,245,4.838145721629745,1
Ventilator,12255,6,71.12663299331409,27,109,2.8988760014182775,1
Monitor,17417,8,49.94736942892272,43,313,4.330814731167984,1
Monitor,11525,8,33.39513936880294,11,287,0.7833061574052849,1
Monitor,2080,5,52.43526282076881,38,21,2.889111669334196,1
Ventilator,15622,6,86.66691496165821,25,90,4.353100170981424,1
Infusion Pump,19540,4,68.50406383791349,12,296,2.9572182106715004,1
Ventilator,9084,9,70.28874892003242,7,112,3.6182694728223077,1
Infusion Pump,17275,8,67.9369292182584,27,301,1.9230134822798164,1
Ventilator,15983,1,41.93952833756621,29,77,0.5530026334816264,1
Infusion Pump,5490,2,55.10003184613681,8,177,2.3437114461226503,0
Ventilator,18739,9,75.0563879017991,38,343,2.032949015110402,1
Monitor,1707,8,36.08237385318955,30,148,4.348594893656842,1
Ventilator,6673,3,46.671166565382734,20,101,1.295576981527114,0
Infusion Pump,17468,8,46.579146507951215,46,246,4.836997714922029,1
Ventilator,5876,1,55.921135655670355,33,117,4.794876787042031,1
Ventilator,3776,4,88.8221244565311,30,92,1.3133950510500498,1
Ventilator,3480,3,34.05015280102931,24,28,1.8054545818388705,1
Monitor,8811,6,61.1220596628357,11,25,4.488223130282036,0
Ventilator,8882,7,40.76188092073263,0,58,4.836448882390926,0
Monitor,17534,4,88.24059272458464,21,297,2.272851603896616,1
Monitor,14097,7,36.798210283647855,39,134,1.6728855236403994,1
Ventilator,6442,9,54.21606014169548,36,331,2.677860664932556,1
Ventilator,17443,2,74.27309909007637,46,249,3.470069111192101,1
Ventilator,6159,3,72.27326568164672,0,38,1.4400251253374012,1
Infusion Pump,8984,5,55.363718213635934,0,75,3.708718555633457,0
Ventilator,5755,3,50.79145007716309,41,142,0.3531210498617411,1
Monitor,12191,8,53.85674271317224,41,322,0.3415430145456406,1
Ventilator,19430,8,45.85657578951836,20,168,1.9928097552131718,1
Infusion Pump,15351,8,42.31997632240799,14,259,1.832018641097531,1
Ventilator,626,9,58.9823818535334,16,355,1.6466027552990463,1
Infusion Pump,3324,4,46.112025364056436,21,225,2.5059968370776593,1
Infusion Pump,15169,5,47.247699893835005,37,152,1.6715945533266992,1
Ventilator,11636,5,69.40536380847342,34,19,1.0420638004936504,1
Monitor,13647,8,88.11223990199353,44,146,1.6164007905341446,1
Infusion Pump,18359,7,66.21823203356251,15,241,4.877030936770152,1
Ventilator,1863,9,34.61876802389798,7,344,2.1144557432747586,1
Ventilator,8812,8,34.53501683124402,46,237,2.2790926066058455,1
Monitor,5897,2,87.08539325073396,16,35,2.9250704507605865,1
Infusion Pump,9308,4,47.83744741844002,16,190,4.91836976522971,1
Infusion Pump,5209,6,35.52401916494853,25,1,1.283846254535239,1
Ventilator,16600,2,65.9426752290229,12,153,3.438282341608926,1
Ventilator,2533,7,67.41892669741597,16,126,3.6083249983544485,0
Monitor,17067,3,68.91028920712128,37,345,3.075889642286023,1
Monitor,4267,3,46.04412167145248,16,226,0.534033864219556,1
Infusion Pump,17873,2,30.9066410528685,47,221,3.416674151555125,1
Infusion Pump,8457,8,87.9009221672683,13,211,0.4140640840772599,1
Ventilator,6254,6,45.05358274146615,44,25,3.0210989827944954,1
Infusion Pump,9020,1,70.56157728315284,5,16,3.723947768386539,1
Monitor,18527,1,72.39779219272258,34,182,1.1337524640377572,1
Monitor,19980,7,66.60044502476914,45,329,4.223947836959593,1
Ventilator,17262,8,48.77444365281889,13,129,0.2487336471117209,1
Monitor,313,5,46.265775225843946,46,42,4.2346830319257,1
Monitor,3862,5,65.86009696216219,7,336,2.355612348149549,1
Monitor,13499,4,81.9657380167015,14,236,1.1661809056650583,1
Monitor,9868,6,86.80402373540373,26,360,0.7555129104704432,1
Ventilator,10740,6,36.35434826422546,12,34,4.771205121153625,0
Ventilator,6831,3,39.28971675586319,48,345,0.45606137914766787,1
Infusion Pump,19601,9,86.68417552698477,30,45,1.0755577576860358,1
Monitor,5891,7,74.19211370008756,34,134,1.8043295024219255,1
Infusion Pump,15922,1,82.97962948978639,5,21,3.1391507599094908,1
Ventilator,8883,7,42.15795804812059,4,122,2.7695253178528825,0
Ventilator,13721,5,65.25515226656411,21,70,0.7156531128203385,1
Ventilator,16119,5,72.06837566504842,48,352,1.5196671203172518,1
Ventilator,2820,2,70.80671312681835,22,361,1.2698836783215182,1
Ventilator,9005,4,54.48910145200189,24,48,1.1463599870026728,1
Ventilator,9227,6,30.92369350147851,33,39,2.1146072487519367,1
Ventilator,16485,7,64.9755634082558,25,287,3.549754117699119,1
Monitor,6468,5,45.186092350776526,46,10,1.1655193678644562,1
Infusion Pump,14156,9,57.01525476857342,4,30,1.8967265105446092,1
Ventilator,12336,3,87.45486090502904,25,244,2.015495391521695,1
Monitor,18433,1,53.94211905854608,19,274,4.88463699423351,1
Monitor,14551,4,80.3880963998656,5,88,4.777865148707438,1
Infusion Pump,17401,9,41.31243634495507,5,244,4.020674155485172,1
Ventilator,19658,4,70.34762988150173,49,329,1.2841287120140075,1
Infusion Pump,10533,2,88.6204172663366,17,15,0.4333828390491815,1
Ventilator,15625,5,36.113586052376206,3,4,1.6528302748310615,1
Monitor,189,3,30.49919653363152,16,191,1.4072932922257713,1
Monitor,18193,9,56.014967557956865,13,168,2.57903642071733,1
Monitor,10461,4,35.55752898308203,13,9,3.9108667593321864,0
Monitor,16469,6,74.90306098057388,12,109,4.305782400506404,1
Infusion Pump,3141,2,84.87291983091353,6,137,4.239834018511492,1
Ventilator,205,6,56.041258362525525,43,154,1.8624102499930322,1
Ventilator,9178,3,45.52269852932646,14,209,3.4674482829573465,1
Infusion Pump,18379,9,56.06419914039658,18,272,1.6328875678686783,1
Ventilator,6190,2,73.40686907100006,42,143,0.3984371618523953,1
Monitor,6182,9,30.543249694822258,46,99,3.5376698014544177,1
Ventilator,17118,5,65.36723936908183,43,308,0.14815500759196046,1
Monitor,2025,8,66.79750109324274,34,69,2.104994678546594,1
Infusion Pump,18540,2,68.26129481375614,16,247,1.7139584195801714,1
Ventilator,7017,6,44.52132479885263,34,261,3.4975499387423774,1
Infusion Pump,19628,3,72.84316340268761,18,276,3.854602816525857,1
Ventilator,652,5,35.483489179906584,19,79,1.590063716259291,0
Monitor,4011,8,41.95622018800805,35,146,4.0769723707797825,1
Infusion Pump,3489,1,82.64820279926892,34,111,1.5401921264741756,1
Ventilator,13729,5,74.32338904359398,31,258,2.2869991639341505,1
Monitor,2530,3,30.824733240680715,47,93,3.6623907823692567,1
Infusion Pump,558,4,44.90257562218801,43,13,3.4953091232014644,1
Infusion Pump,13495,2,42.864388979589876,39,260,4.93810551432978,1
Ventilator,307,9,46.248379682218356,23,109,1.2032890186580663,1
Ventilator,999,3,44.85358621679318,16,330,3.345357776343954,1
Ventilator,11753,2,33.751577744570746,6,189,3.0874413505513094,1
Monitor,16505,9,57.53643099580922,42,95,4.583982427001146,1
Ventilator,8701,7,73.9640084871699,49,105,0.8661744940598878,1
Infusion Pump,994,6,66.40390348304618,0,8,3.783811001575972,0
Infusion Pump,614,1,70.37230011588478,34,67,2.884516219716965,1
Ventilator,4209,5,34.86895071217435,31,191,1.4458627619607367,1
Ventilator,13358,3,87.08944261060724,35,256,2.424731079321153,1
Infusion Pump,15413,1,80.30951003058149,12,9,1.7355053256420094,1
Monitor,15449,4,78.30541910973976,5,117,2.9386356736634585,1
Ventilator,7279,2,79.37902830250604,13,267,4.4561029929918625,1
Ventilator,10426,2,85.96263048796568,36,99,2.88959442361979,1
Infusion Pump,11887,3,62.655237966821865,47,298,3.195439849800262,1
Ventilator,1660,8,42.016921072057556,14,164,2.6418644508620766,0
Monitor,13712,8,67.00701647115247,46,141,0.350710981582832,1
Infusion Pump,17750,7,74.57288962007634,3,268,1.241006928692862,1
Ventilator,19911,6,74.27504360124152,39,37,2.510808474217206,1
Infusion Pump,4880,9,61.286941450012804,15,74,1.6201528903490536,0
Ventilator,18411,4,34.10752316001468,27,73,0.9906416290298518,1
Ventilator,11994,1,52.26677630580767,15,308,2.570250925400348,1
Ventilator,2456,8,85.24599650780144,3,199,1.6817679878944667,1
Monitor,4890,7,65.06693458544555,44,130,1.3647274515497323,1
Monitor,16790,7,62.29991659534281,25,246,2.3735285454578663,1
Infusion Pump,10281,3,46.13121086293161,27,312,0.7530928646026485,1
Ventilator,7157,4,52.10693519499473,31,60,4.645954092069496,1
Ventilator,16182,9,83.72076534919016,44,279,4.351740279804271,1
Monitor,761,6,69.98778285161015,1,103,3.5673408701286236,0
Ventilator,4744,5,77.24322160513998,30,296,0.6204477551834354,1
Monitor,15811,3,57.260725384059306,2,320,3.901798546901496,1
Ventilator,3020,9,67.81483316736947,7,341,4.058990907734193,1
Infusion Pump,16102,5,44.90301652459245,23,151,3.862046626800255,1
Ventilator,14125,5,72.32764981700917,14,157,0.6584328468842817,1
Ventilator,9046,4,55.65608002220024,42,206,3.2551489896320476,1
Monitor,12832,4,56.55273088888474,30,179,4.188191499172053,1
Ventilator,6336,1,68.9593394746129,8,197,2.929031665976372,1
Ventilator,16409,7,86.1768372881356,38,223,3.2673961386176362,1
Monitor,13618,9,33.84038079651725,44,89,2.3459810491889006,1
Infusion Pump,452,3,79.48459424082046,1,287,2.690665867431858,1
Infusion Pump,7105,2,47.54298662473158,7,276,0.2684466059234536,1
Monitor,14136,3,56.63516727038267,6,236,3.2309188076690947,1
Monitor,16642,1,31.31479972650054,43,183,0.49909134316668013,1
Monitor,1056,6,48.06276467005878,38,209,2.2315715122670947,1
Monitor,2171,7,60.15787455780783,41,130,1.5340099785702985,1
Monitor,8695,2,33.37056464084634,15,153,2.772596956037394,0
Infusion Pump,15240,8,59.46574376298991,34,13,0.7537400440637148,1
Infusion Pump,12903,6,85.62663773150564,29,122,3.4890526696692596,1
Monitor,3553,4,36.323593086468314,9,359,3.9955565309495054,1
Ventilator,6775,5,75.86644368453025,37,220,0.9004368037414668,1
Monitor,1055,8,54.58026320255956,17,106,0.6111341280242226,0
Ventilator,6395,3,69.31042287146028,49,70,0.8130258656580599,1
Monitor,16021,3,45.614195879113765,4,195,4.397925053302658,1
Monitor,18196,4,39.5695357524815,28,186,2.6881273826061456,1
Infusion Pump,15382,1,39.627756856273585,38,99,2.389578880436763,1
Ventilator,4803,9,34.22951673858868,33,82,0.622887913601536,1
Ventilator,6663,8,41.13880229407458,42,75,3.282824433109113,1
Infusion Pump,12103,8,69.8531630993381,44,340,4.35319800028594,1
Infusion Pump,10917,6,82.90143671061048,22,192,4.158110759684919,1
Infusion Pump,11271,7,78.84754113546971,4,325,3.1676680740059266,1
Infusion Pump,12682,6,71.10805859246904,29,214,0.4688657115932008,1
Ventilator,12301,9,36.62591180466616,5,315,0.6507454331624636,1
Ventilator,17878,3,47.35124677775699,45,318,0.34161403683814096,1
Monitor,12573,3,48.58841251934814,43,144,1.3616481608130997,1
Monitor,9561,3,44.997416783857275,3,216,0.764741189085851,1
Infusion Pump,15696,3,60.900339582583385,28,361,1.3742353972369263,1
Infusion Pump,629,9,62.13322889278035,22,324,1.9867844730229125,1
Infusion Pump,19442,4,51.41315851026661,5,15,4.720615641948565,1
Monitor,12865,7,51.22734952418616,31,217,3.0908426929302912,1
Monitor,14010,9,79.71333587436487,41,35,4.191371549846515,1
Monitor,11661,7,77.35757089918113,17,183,3.5807223534904282,1
Monitor,9231,9,48.46774990084474,14,270,0.6512653395804956,1
Monitor,625,3,84.82730663239556,39,358,3.70600999123235,1
Monitor,16485,4,87.16890102015037,31,100,1.4479845196397099,1
Monitor,474,8,49.60455252180245,8,7,3.2316284502740613,0
Infusion Pump,12297,6,51.26549692758329,36,30,1.770713670850644,1
Infusion Pump,4748,5,60.33804920531753,9,305,4.98859408999683,1
Infusion Pump,2465,4,86.46724875202041,19,144,1.3914022495342115,1
Infusion Pump,18009,8,82.57916598853869,5,111,1.4677393067939215,1
Monitor,1746,1,36.154077755015386,47,232,4.660294052255751,1
Ventilator,113,9,53.56384459628497,2,179,0.2207575827179811,0
Monitor,4699,1,63.20227138498631,41,72,3.513776040578665,1
Ventilator,2378,8,60.1879483530924,10,210,3.654099314605803,1
Infusion Pump,14396,4,41.63178407621356,42,220,4.198255029310957,1
Monitor,3255,9,81.52900627008928,16,80,4.874752622128529,1
Infusion Pump,8421,5,70.61644697981023,31,83,4.880449403867597,1
Monitor,3914,3,80.27450249110822,3,42,0.4198561120756731,1
Infusion Pump,13225,9,81.52585676096834,3,273,4.127012681489222,1
Ventilator,3316,9,74.90135121994439,16,191,3.2669186749211687,1
Ventilator,2213,4,56.35263607498304,40,173,3.271976458428147,1
Ventilator,10338,4,66.63280530092547,18,7,0.7289146404120045,0
Monitor,13860,8,39.62192436718459,4,155,3.2859171155837017,1
Ventilator,12688,2,70.41872504849445,31,10,4.914164644946115,1
Monitor,3474,9,40.75519534435685,21,34,4.56791099074329,1
Ventilator,6530,6,71.63697543060941,5,36,2.2517402379437677,1
Ventilator,19950,9,43.775889645238124,34,6,0.29574506910186227,1
Monitor,19565,8,37.0530780090132,21,215,1.875238101001004,1
Monitor,12070,7,39.91706940857745,0,134,4.149312526842721,1
Ventilator,729,1,30.119528113144217,19,285,3.5373455971793137,1
Monitor,16753,3,73.12437707121182,21,126,2.3507839124103866,1
Ventilator,10931,2,73.94406294350274,47,337,0.36999752227827243,1
Monitor,5824,5,60.89600099479557,10,174,2.191784166334183,0
Infusion Pump,11183,5,39.68176806332302,12,152,2.3982222046176296,0
Infusion Pump,13249,5,35.01326025064139,41,331,4.649922111181266,1
Infusion Pump,19916,4,31.14773798623722,2,26,3.2413219075525816,1
Infusion Pump,9572,5,39.944890617913245,8,115,1.6270992916077798,0
Infusion Pump,6376,3,83.45133209898881,11,284,2.674059495808535,1
Ventilator,15735,1,44.4922105021009,22,75,0.4236710083285844,1
Infusion Pump,5995,5,51.25627963303294,13,166,4.86558435468371,0
Infusion Pump,14094,9,36.32072906887999,32,189,1.8642935194605577,1
Infusion Pump,10652,9,43.34167828489022,17,78,2.441550039074366,0
Infusion Pump,17059,4,61.15347424681231,48,90,1.840891473760921,1
Monitor,6199,3,66.46516098573915,40,176,3.444307477569381,1
Ventilator,9599,1,44.72113884997266,8,21,3.344937575815006,0
Infusion Pump,19676,2,33.46392955350703,22,54,3.605079321592765,1
Infusion Pump,3278,8,53.46197214764392,9,184,1.4139018250984123,1
Infusion Pump,19218,1,44.05220225558005,18,359,1.6467755577039236,1
Ventilator,6216,8,43.17323539378812,46,222,0.713731032371419,1
Monitor,15663,7,87.59176816280731,4,315,3.311998862045952,1
Ventilator,3668,8,66.97802915554345,46,328,0.2950059239446975,1
Monitor,9947,6,63.412706590325755,22,179,3.02864344406495,1
Infusion Pump,14235,9,54.94650621139932,29,276,4.361509835773006,1
Infusion Pump,18687,3,55.73666000580866,24,112,4.465077526619204,1
Ventilator,17874,4,62.45430023028485,27,224,2.3002850258128125,1
Ventilator,1842,6,71.78578842216643,33,214,2.3505880722440615,1
Monitor,18409,8,72.12876577090977,44,59,0.4771489967392851,1
Monitor,719,5,40.30163446232697,47,327,3.3867486246708753,1
Ventilator,17758,3,60.00676512459762,46,109,4.124171159826943,1
Monitor,17440,6,54.71748570204612,24,157,1.298809767563094,1
Ventilator,2039,4,82.23161797616305,9,191,2.164374320003487,1
Monitor,16101,9,67.88513527310258,13,200,4.210312750149825,1
Ventilator,1068,3,61.95024398495891,41,312,4.397890291545211,1
Ventilator,14946,4,36.923678530735046,45,196,1.2915819032947073,1
Ventilator,381,7,66.3382733594047,29,35,2.797796109252685,1
Monitor,15460,7,37.03223434081401,40,246,1.0432164381155526,1
Monitor,6362,4,50.232394533945126,24,237,0.5992059442838271,1
Monitor,1158,6,38.57051788885991,13,104,4.564490456820592,0
Ventilator,10824,3,71.52441882146213,34,7,4.120486770737335,1
Monitor,5278,6,42.37512683016916,47,283,3.8241710188355524,1
Monitor,7080,2,53.51156239128156,33,1,0.3389549621843881,1
Ventilator,9300,8,83.74048665712672,9,219,4.2342710842802616,1
Infusion Pump,1329,2,42.25898300393822,34,230,2.2464159719363805,1
Ventilator,8567,7,60.46830383752675,10,172,1.7777361041497124,0
Monitor,19224,9,55.15629966996132,10,87,2.777734169024345,1
Ventilator,2389,1,31.087442462743784,20,41,0.5476308893454236,0
Infusion Pump,1339,8,77.56548681436877,20,123,3.8075680918267545,1
Ventilator,5470,7,34.142754378875985,21,331,2.95393187675265,1
Monitor,16270,6,58.45530125861721,44,298,1.014291474678521,1
Infusion Pump,225,6,63.640697696337,6,178,1.0223377788683234,0
Monitor,12604,6,67.70558739687522,16,63,1.0028183927061038,1
Infusion Pump,15498,9,71.31789775847253,1,165,0.3793116990044766,1
Infusion Pump,6738,2,45.196343011362906,11,187,2.9802124019212557,1
Ventilator,6670,1,30.59872659950696,41,209,4.21770607018369,1
Ventilator,3349,6,73.40661974129472,17,227,0.18574124853820415,1
Monitor,9210,8,62.13939596085471,10,48,0.3401227603592404,0
Ventilator,7695,3,80.16706219243493,15,224,2.906574355766035,1
Ventilator,13705,1,79.28330177404166,48,3,4.115528858391657,1
Infusion Pump,12215,9,80.59957006727299,17,175,1.7010205637863047,1
Ventilator,6394,1,59.10567959877241,34,99,1.8131105541578387,1
Infusion Pump,5857,3,50.017703750211936,25,116,3.0220978377342025,1
Infusion Pump,12695,8,77.4934921554822,15,270,1.4436431567083203,1
Infusion Pump,2069,3,57.07764678175529,5,253,0.23038099378065227,1
Monitor,11085,4,41.006531784206075,43,317,3.702619738697821,1
Monitor,17375,8,81.29844117368846,42,95,3.1656845734131207,1
Monitor,4570,1,82.95359260634083,46,273,2.9457043953727298,1
Infusion Pump,10325,6,57.97858536841021,46,24,3.7342522320599336,1
Monitor,9656,1,34.54198363858725,47,116,3.4086311040539843,1
Monitor,9306,1,53.269565395015874,41,151,1.1088217420737738,1
Ventilator,10091,8,78.2122595677562,11,338,1.8271571300224208,1
Monitor,7619,4,84.10644171277372,12,50,0.7179396942252625,1
Monitor,13769,1,42.20836454985575,3,206,0.7362993657476171,1
Infusion Pump,4712,7,34.01841672151629,38,335,3.4133591571470427,1
Infusion Pump,12473,5,82.64102718797032,1,79,4.307140524214241,1
Infusion Pump,17682,5,53.364296338732515,25,70,4.817389660919581,1
Infusion Pump,15652,1,62.505657856053794,26,27,3.178900875992278,1
Infusion Pump,14746,6,88.08394872304554,26,271,1.0020964844686893,1
Infusion Pump,5338,9,33.99388367485337,14,50,0.6176866926997605,0
Monitor,15677,9,68.89908044712573,7,292,4.082969760530113,1
Infusion Pump,15604,8,34.446325354492025,6,247,2.935906734163997,1
Infusion Pump,3819,5,52.52813570799002,46,264,3.1295966029672275,1
Ventilator,402,1,78.22887271160681,45,79,3.9291642348980758,1
Monitor,12244,9,56.00833396533807,39,190,3.5460584158890134,1
Monitor,17470,1,89.83094123417703,11,47,4.188845438994874,1
Monitor,10155,8,63.54355709679613,12,361,0.3754481367534046,1
Infusion Pump,4540,5,49.269729158157205,42,354,3.762851120057874,1
Infusion Pump,3172,3,43.20667955428519,16,352,4.269178510878268,1
Infusion Pump,13698,7,51.03123205716971,16,189,1.5020617080457404,1
Ventilator,14387,7,52.35199642557305,35,256,3.2381916425669393,1
Infusion Pump,14065,9,34.12282066343766,20,222,1.6393941128011635,1
Ventilator,19608,7,52.174451965606394,7,241,4.794058225764025,1
Monitor,9619,3,57.85431118435349,4,269,0.2637755049339684,1
Infusion Pump,13480,1,73.36426513432828,25,1,2.94098493478148,1
Ventilator,11965,8,69.40376908329648,15,34,0.915867380542624,0
Ventilator,8225,3,72.52593931374926,35,79,3.589879005368078,1
Infusion Pump,3391,8,30.501820912611425,27,236,0.9618623887514443,1
Monitor,4133,8,43.06004397483216,28,334,1.2533779833019523,1
Monitor,5205,5,69.70105730399139,46,349,2.522416974124215,1
Monitor,17187,1,59.03936209078483,11,98,4.582691254984702,1
Ventilator,8233,7,30.318808540100758,36,82,1.1374004235250572,1
Ventilator,17058,5,78.26967854590934,29,192,0.8067761034787073,1
Ventilator,5804,8,76.36857439742025,22,253,3.8189864760847505,1
Ventilator,7948,9,62.90514977961376,15,38,2.553035708436262,0
Monitor,13075,7,33.987799546576326,13,14,4.56774705067068,1
Infusion Pump,7024,7,75.99090297195508,9,347,0.8184113300832272,1
Ventilator,19714,1,65.02281526388184,6,310,3.265046675812893,1
Ventilator,588,4,76.91759862947755,44,209,1.241107816143894,1
Monitor,7214,2,75.10481954375042,36,357,0.8681261003930326,1
Infusion Pump,15840,2,78.18012431747023,28,89,3.4488041342706257,1
Infusion Pump,3273,2,61.08048398427749,2,56,3.009054637552793,0
Monitor,1767,4,38.4194710916109,14,94,3.7986545459754235,0
Monitor,4214,1,70.26944840278132,35,93,1.6163666245862938,1
Infusion Pump,3653,4,67.22842710311824,46,340,2.295061116272731,1
Ventilator,7861,2,74.53519123194523,45,85,2.0868112140190505,1
Infusion Pump,1100,5,40.19286036304412,18,245,4.922038373435919,1
Monitor,15738,3,41.69851199401735,12,22,1.532019888023001,1
Ventilator,17872,8,83.42457103315971,41,291,1.544604467899158,1
Ventilator,5550,4,74.99866790712426,20,272,1.8372862232601763,1
Monitor,3812,1,84.49370932201938,36,306,2.8665109983225756,1
Monitor,1467,1,75.52291926983524,26,122,1.3363814468923518,1
Monitor,8289,3,65.82931835941811,28,128,4.584920707858442,1
Infusion Pump,9113,9,69.24796422167242,19,113,1.4018592678446913,0
Infusion Pump,16938,7,83.3476754364006,24,273,4.489497084644954,1
Ventilator,19256,2,64.72840527071642,5,336,0.6070278118682648,1
Monitor,3826,9,67.94347945970324,35,130,3.317157241758297,1
Ventilator,4906,2,39.38860296021603,1,132,4.544229040347394,0
Ventilator,2290,3,58.43527320696616,21,85,0.9268722481513247,1
Ventilator,9208,2,72.98382671748594,31,350,4.84480210448635,1
Ventilator,12278,3,46.25656189898193,15,81,2.3191284660360076,1
Monitor,2975,6,42.13525083147209,17,325,4.73400403136102,1
Ventilator,5692,9,48.82960849346493,4,69,3.4164182137872308,0
Monitor,17924,9,44.49003767957001,35,148,1.5777756623804027,1
Monitor,12692,7,42.894758222183754,29,16,1.0226823720938216,1
Infusion Pump,9027,3,55.491050572085214,44,307,1.5883017265029873,1
Monitor,14537,4,84.47031083301204,18,105,0.5557853053871075,1
Infusion Pump,11630,6,60.4235788043231,22,165,0.8049530350823159,1
Monitor,7110,5,41.275222848919384,33,201,0.6128361576977576,1
Monitor,11307,2,34.61830016285244,12,197,2.1724233643336333,1
Monitor,3089,6,71.76936870827552,42,185,3.9983340436621737,1
Infusion Pump,12140,3,52.967925866183265,28,322,0.7927794156600669,1
Infusion Pump,9318,8,79.30985679512156,35,265,0.7385701225444459,1
Ventilator,6571,2,69.5706461184462,21,363,3.252801852634921,1
